"id","name","series","main_category","sub_category","leaf_category","region","stage","org_type","score_quality","score_efficiency","score_innovation","score_collaboration","score_stability","budget_k_cny","team_size","duration_months","sample_weight"
"P001","基础项目01","Series1","B","","","华东","启动","企业",32,54,66,63,90,120,4,6,1
"P002","基础项目02","Series2","B","","","华北","推进","研究所",74,74,36,58,59,143,5,7,1
"P003","基础项目03","Series3","B","","","华南","完成","高校",57,61,77,77,42,166,6,8,1
"P004","基础项目04","Series4","B","","","西南","启动","企业",85,32,67,37,64,189,7,9,1
"P005","基础项目05","Series1","B","","","华东","推进","研究所",40,58,66,59,82,212,8,10,1
"P006","基础项目06","Series2","B","","","华北","完成","高校",68,82,40,58,55,235,9,11,1
"P007","基础项目07","Series3","B","","","华南","启动","企业",55,55,85,81,42,258,10,12,1
"P008","基础项目08","Series4","B","","","西南","推进","研究所",87,30,61,45,68,281,11,13,1
"P009","客户项目01","Series1","C","C1","","华北","推进","高校",35,57,69,66,84,185,5,9,1
"P010","客户项目02","Series2","C","C1","","华南","完成","企业",77,77,39,61,62,208,6,10,1
"P011","客户项目03","Series3","C","C1","","西南","启动","研究所",60,64,80,80,45,231,7,11,1
"P012","客户项目04","Series4","C","C1","","华东","推进","高校",88,35,70,40,67,254,8,12,1
"P013","客户项目05","Series1","C","C2","","华北","完成","企业",41,59,67,60,92,277,9,13,1
"P014","客户项目06","Series2","C","C2","","华南","启动","研究所",69,83,41,59,56,300,10,14,1
"P015","客户项目07","Series3","C","C2","","西南","推进","高校",56,56,86,82,43,323,11,15,1
"P016","客户项目08","Series4","C","C2","","华东","完成","企业",88,31,62,46,69,346,12,16,1
"P017","研发项目01","Series1","D","D1","D1-1","华南","完成","研究所",38,60,72,69,87,250,6,12,1
"P018","研发项目02","Series2","D","D1","D1-1","西南","启动","高校",71,80,42,64,65,273,7,13,1
"P019","研发项目03","Series3","D","D1","D1-2","华东","推进","企业",63,58,83,83,48,296,8,14,1
"P020","研发项目04","Series4","D","D1","D1-2","华北","完成","研究所",91,38,64,43,70,319,9,15,1
"P021","研发项目05","Series1","D","D2","D2-1","华南","启动","高校",42,60,68,61,93,342,10,16,1
"P022","研发项目06","Series2","D","D2","D2-1","西南","推进","企业",79,84,42,60,57,365,11,17,1
"P023","研发项目07","Series3","D","D2","D2-2","华东","完成","研究所",57,66,87,83,44,388,12,18,1
"P024","研发项目08","Series4","D","D2","D2-2","华北","启动","高校",89,32,72,47,70,411,4,19,1
"P025","执行项目01","Series1","E","E1","E1-1","西南","启动","企业",41,63,75,63,90,315,7,15,1
"P026","执行项目02","Series2","E","E1","E1-1","华东","推进","研究所",74,83,45,67,59,338,8,16,1
"P027","执行项目03","Series3","E","E1","E1-2","华北","完成","高校",66,61,86,86,51,361,9,17,1
"P028","执行项目04","Series4","E","E1","E1-2","华南","启动","企业",94,41,67,46,73,384,10,18,1
"P029","执行项目05","Series1","E","E2","","西南","推进","研究所",43,61,69,71,94,407,11,19,1
"P030","执行项目06","Series2","E","E2","","华东","完成","高校",80,85,43,61,67,430,12,20,1
"P031","执行项目07","Series3","E","E2","","华北","启动","企业",58,67,88,84,45,453,4,21,1
"P032","执行项目08","Series4","E","E2","","华南","推进","研究所",90,33,73,48,71,476,5,22,1
"P033","探索项目01","Series1","F","F1","F1-1","华东","推进","高校",44,66,78,66,93,380,8,18,1
"P034","探索项目02","Series2","F","F1","F1-1","华北","完成","企业",77,86,48,70,62,403,9,19,1
"P035","探索项目03","Series3","F","F1","F1-2","华南","启动","研究所",60,64,89,89,54,426,10,20,1
"P036","探索项目04","Series4","F","F1","F1-2","西南","推进","高校",97,35,70,49,76,449,11,21,1
"P037","探索项目05","Series1","F","F2","","华东","完成","企业",44,62,70,72,95,472,12,22,1
"P038","探索项目06","Series2","F","F2","","华北","启动","研究所",81,86,44,62,68,495,4,23,1
"P039","探索项目07","Series3","F","F2","","华南","推进","高校",68,68,89,85,46,518,5,24,1
"P040","探索项目08","Series4","F","F2","","西南","完成","企业",91,43,74,49,72,541,6,6,1
